customer_id,signup_date,age,gender,city
1,2024-08-02,24,Female,Delhi
2,2025-06-25,36,Male,Hyderabad
3,2025-03-06,22,Male,Delhi
4,2024-04-15,18,Female,Bangalore
5,2023-11-21,36,Male,Chennai
6,2023-06-26,52,Female,Pune
7,2023-10-31,52,Male,Hyderabad
8,2025-02-15,35,Female,Delhi
9,2025-10-25,23,Female,Bangalore
10,2026-01-10,31,Male,Pune
11,2026-08-16,43,Male,Hyderabad
12,2025-01-21,29,Male,Mumbai
13,2025-04-28,21,Male,Chennai
14,2024-12-17,24,Female,Hyderabad
15,2026-04-16,52,Male,Mumbai
16,2024-06-15,28,Female,Pune
17,2025-07-20,37,Male,Pune
18,2025-08-31,48,Male,Bangalore
19,2023-12-27,40,Male,Pune
20,2023-12-31,28,Male,Delhi
21,2023-12-17,43,Male,Chennai
22,2023-12-30,38,Female,Hyderabad
23,2023-09-17,53,Male,Hyderabad
24,2024-02-06,43,Female,Bangalore
25,2024-10-03,59,Female,Bangalore
26,2025-10-07,55,Male,Pune
27,2023-10-15,28,Female,Chennai
28,2026-08-24,30,Female,Chennai
29,2023-08-29,32,Male,Hyderabad
30,2026-04-07,21,Female,Pune
31,2026-03-12,52,Female,Hyderabad
32,2023-06-12,24,Male,Pune
33,2023-01-23,35,Female,Bangalore
34,2024-04-30,31,Female,Mumbai
35,2025-05-09,24,Male,Bangalore
36,2023-11-06,34,Female,Mumbai
37,2025-07-12,38,Female,Chennai
38,2023-08-20,37,Female,Delhi
39,2026-10-31,36,Female,Delhi
40,2026-01-01,34,Male,Pune
41,2026-09-20,20,Male,Mumbai
42,2026-02-15,38,Male,Chennai
43,2025-11-22,36,Female,Pune
44,2024-12-25,38,Male,Pune
45,2025-04-20,29,Female,Hyderabad
46,2025-05-04,40,Male,Bangalore
47,2023-04-25,56,Male,Hyderabad
48,2026-01-05,25,Female,Mumbai
49,2023-02-25,39,Male,Bangalore
50,2024-08-24,48,Male,Mumbai
51,2024-11-08,30,Male,Hyderabad
52,2026-05-21,39,Male,Chennai
53,2025-02-13,37,Male,Hyderabad
54,2023-01-13,50,Male,Chennai
55,2023-06-19,38,Male,Chennai
56,2026-05-31,51,Female,Bangalore
57,2025-09-21,56,Male,Chennai
58,2026-11-01,36,Male,Bangalore
59,2026-09-13,40,Female,Hyderabad
60,2023-08-21,54,Male,Bangalore
61,2026-05-24,38,Female,Chennai
62,2023-11-09,40,Male,Delhi
63,2026-05-09,51,Female,Delhi
64,2023-02-12,35,Female,Bangalore
65,2025-03-04,29,Male,Bangalore
66,2026-11-07,30,Female,Bangalore
67,2025-09-11,53,Female,Mumbai
68,2026-10-21,35,Male,Hyderabad
69,2024-02-22,27,Female,Hyderabad
70,2023-08-28,52,Female,Chennai
71,2024-08-10,50,Male,Chennai
72,2024-11-01,55,Male,Chennai
73,2027-01-19,55,Male,Hyderabad
74,2023-02-04,33,Female,Bangalore
75,2026-04-22,32,Male,Pune
76,2026-12-27,52,Female,Chennai
77,2025-08-19,23,Male,Mumbai
78,2025-09-09,21,Male,Mumbai
79,2023-07-25,58,Male,Chennai
80,2026-02-25,19,Female,Pune
81,2023-11-17,22,Female,Delhi
82,2023-12-23,45,Male,Delhi
83,2024-10-10,41,Female,Chennai
84,2024-01-31,34,Female,Mumbai
85,2025-09-27,40,Female,Pune
86,2026-11-13,30,Female,Mumbai
87,2025-02-07,20,Female,Mumbai
88,2026-08-29,47,Female,Delhi
89,2024-01-26,58,Female,Chennai
90,2023-12-28,31,Male,Delhi
91,2026-09-24,18,Male,Hyderabad
92,2025-04-14,42,Female,Pune
93,2024-11-14,36,Female,Mumbai
94,2025-10-24,27,Female,Pune
95,2026-07-11,39,Male,Delhi
96,2023-01-09,41,Male,Mumbai
97,2024-04-28,30,Female,Chennai
98,2025-06-09,38,Female,Delhi
99,2026-05-10,37,Male,Chennai
100,2023-01-16,36,Male,Bangalore
101,2025-11-26,43,Male,Chennai
102,2023-03-22,24,Male,Mumbai
103,2025-07-30,56,Female,Bangalore
104,2025-02-23,56,Female,Bangalore
105,2026-08-08,53,Female,Mumbai
106,2024-03-01,22,Female,Hyderabad
107,2024-10-12,18,Female,Pune
108,2024-07-01,22,Male,Pune
109,2024-07-26,59,Male,Bangalore
110,2024-06-20,32,Female,Mumbai
111,2025-05-05,46,Male,Hyderabad
112,2024-04-02,49,Female,Pune
113,2026-07-09,34,Male,Pune
114,2025-11-23,35,Female,Chennai
115,2025-01-15,54,Male,Bangalore
116,2024-04-23,44,Female,Chennai
117,2023-05-29,41,Male,Hyderabad
118,2026-12-22,48,Female,Mumbai
119,2023-12-10,32,Male,Bangalore
120,2024-04-20,30,Female,Chennai
121,2023-10-03,24,Female,Mumbai
122,2023-02-17,43,Male,Hyderabad
123,2026-09-14,45,Female,Pune
124,2026-10-22,23,Male,Delhi
125,2024-11-23,32,Male,Delhi
126,2023-09-11,29,Male,Chennai
127,2025-10-31,49,Male,Bangalore
128,2024-08-03,19,Female,Delhi
129,2027-01-05,19,Female,Bangalore
130,2026-11-21,31,Female,Mumbai
131,2024-01-14,52,Female,Mumbai
132,2026-09-10,18,Male,Bangalore
133,2024-06-28,56,Male,Bangalore
134,2026-12-07,41,Male,Bangalore
135,2025-08-22,18,Female,Mumbai
136,2024-10-02,41,Male,Pune
137,2024-01-28,43,Male,Mumbai
138,2024-05-22,30,Female,Chennai
139,2024-02-04,29,Female,Mumbai
140,2024-03-09,40,Male,Hyderabad
141,2024-11-10,57,Male,Pune
142,2024-04-18,20,Male,Pune
143,2025-06-03,44,Female,Chennai
144,2023-08-27,18,Female,Pune
145,2026-04-12,45,Male,Hyderabad
146,2026-09-23,45,Female,Pune
147,2023-03-30,23,Female,Mumbai
148,2023-05-28,19,Male,Hyderabad
149,2026-09-19,46,Male,Delhi
150,2025-03-19,50,Male,Pune
151,2024-08-08,28,Male,Hyderabad
152,2025-01-08,55,Female,Chennai
153,2024-01-17,29,Male,Pune
154,2025-06-07,46,Female,Hyderabad
155,2023-04-08,59,Female,Pune
156,2023-04-02,21,Male,Hyderabad
157,2024-02-18,47,Female,Bangalore
158,2025-11-01,52,Male,Delhi
159,2025-10-14,42,Female,Hyderabad
160,2024-05-29,58,Female,Pune
161,2025-08-03,20,Female,Hyderabad
162,2024-01-24,31,Female,Bangalore
163,2026-01-30,29,Female,Bangalore
164,2024-10-15,18,Male,Chennai
165,2027-01-09,59,Female,Delhi
166,2024-01-16,33,Female,Mumbai
167,2025-01-17,54,Male,Delhi
168,2023-07-17,56,Female,Chennai
169,2026-04-05,30,Male,Mumbai
170,2024-07-12,47,Male,Pune
171,2026-12-02,41,Female,Bangalore
172,2024-02-08,54,Female,Chennai
173,2027-02-05,53,Female,Mumbai
174,2023-03-18,54,Female,Delhi
175,2026-08-04,59,Female,Delhi
176,2024-01-23,30,Male,Delhi
177,2025-05-08,20,Male,Hyderabad
178,2026-09-06,28,Male,Mumbai
179,2024-08-18,44,Female,Hyderabad
180,2023-04-06,27,Male,Pune
181,2025-08-29,50,Female,Mumbai
182,2024-05-15,43,Female,Chennai
183,2024-09-02,40,Female,Bangalore
184,2026-03-06,29,Female,Pune
185,2025-09-10,37,Female,Bangalore
186,2025-09-19,19,Female,Hyderabad
187,2024-07-18,23,Female,Chennai
188,2024-07-27,49,Male,Mumbai
189,2024-03-04,48,Male,Delhi
190,2023-05-25,50,Male,Mumbai
191,2026-11-10,31,Female,Pune
192,2025-01-28,51,Female,Bangalore
193,2025-06-13,53,Male,Bangalore
194,2026-05-15,49,Female,Hyderabad
195,2024-09-23,51,Female,Chennai
196,2024-02-07,49,Female,Hyderabad
197,2025-01-31,36,Male,Bangalore
198,2023-08-18,46,Female,Chennai
199,2024-12-20,59,Female,Chennai
200,2025-11-21,56,Female,Delhi
201,2025-11-04,51,Male,Pune
202,2026-06-10,41,Female,Chennai
203,2025-12-18,30,Male,Chennai
204,2026-01-20,53,Male,Pune
205,2024-08-07,27,Female,Mumbai
206,2026-03-19,35,Female,Hyderabad
207,2023-06-03,23,Female,Bangalore
208,2025-04-12,26,Female,Mumbai
209,2026-09-22,47,Male,Pune
210,2026-08-15,43,Male,Mumbai
211,2026-09-25,47,Male,Pune
212,2023-09-10,26,Female,Hyderabad
213,2025-04-10,35,Male,Hyderabad
214,2024-12-10,32,Female,Bangalore
215,2025-02-14,35,Male,Chennai
216,2024-11-02,30,Male,Delhi
217,2023-04-12,51,Female,Chennai
218,2026-07-04,21,Female,Delhi
219,2026-06-04,57,Female,Pune
220,2023-01-29,18,Female,Hyderabad
221,2026-11-20,45,Male,Bangalore
222,2026-05-06,56,Male,Delhi
223,2027-01-14,47,Female,Hyderabad
224,2024-03-02,33,Female,Bangalore
225,2023-10-30,57,Female,Delhi
226,2024-03-10,42,Male,Bangalore
227,2027-01-07,26,Female,Bangalore
228,2026-03-10,18,Male,Chennai
229,2023-02-16,52,Female,Chennai
230,2024-01-05,30,Male,Mumbai
231,2023-03-08,55,Female,Hyderabad
232,2025-10-05,52,Male,Delhi
233,2025-07-13,19,Female,Pune
234,2026-10-10,57,Male,Chennai
235,2023-03-24,31,Female,Pune
236,2024-12-11,51,Male,Delhi
237,2024-03-30,34,Male,Mumbai
238,2023-03-26,47,Male,Mumbai
239,2025-03-14,34,Female,Bangalore
240,2024-01-03,51,Female,Chennai
241,2025-11-06,42,Female,Pune
242,2025-09-24,56,Female,Pune
243,2025-06-27,25,Male,Hyderabad
244,2024-03-03,46,Female,Pune
245,2026-01-24,51,Male,Hyderabad
246,2025-03-05,32,Male,Mumbai
247,2024-06-03,20,Male,Pune
248,2026-03-03,57,Female,Bangalore
249,2023-07-14,57,Female,Pune
250,2024-12-31,35,Female,Pune
251,2023-09-08,21,Female,Bangalore
252,2026-01-29,59,Male,Delhi
253,2024-08-25,20,Female,Pune
254,2026-06-25,57,Female,Hyderabad
255,2026-07-15,29,Male,Hyderabad
256,2026-04-20,46,Male,Hyderabad
257,2023-09-19,44,Male,Delhi
258,2024-08-04,33,Female,Delhi
259,2025-11-27,58,Female,Bangalore
260,2026-05-26,37,Female,Bangalore
261,2023-08-10,21,Female,Bangalore
262,2026-05-14,35,Female,Chennai
263,2026-06-27,48,Male,Pune
264,2024-01-02,36,Male,Chennai
265,2025-12-21,23,Female,Mumbai
266,2026-11-11,23,Male,Pune
267,2024-04-11,32,Female,Pune
268,2024-08-29,25,Female,Hyderabad
269,2026-03-01,57,Male,Delhi
270,2027-01-30,49,Female,Chennai
271,2023-02-20,20,Male,Mumbai
272,2025-08-05,25,Female,Pune
273,2023-01-02,33,Female,Chennai
274,2023-11-23,20,Male,Mumbai
275,2023-01-20,28,Female,Pune
276,2023-11-15,28,Female,Hyderabad
277,2026-09-09,50,Female,Bangalore
278,2025-10-15,30,Male,Pune
279,2023-08-01,53,Female,Pune
280,2023-06-15,43,Male,Chennai
281,2026-02-07,39,Male,Mumbai
282,2026-07-10,21,Female,Mumbai
283,2024-04-26,58,Male,Hyderabad
284,2026-01-15,29,Female,Mumbai
285,2026-08-22,28,Male,Delhi
286,2024-07-05,55,Male,Delhi
287,2023-09-02,19,Female,Mumbai
288,2025-07-25,26,Female,Mumbai
289,2026-09-27,33,Female,Mumbai
290,2024-06-18,21,Male,Chennai
291,2024-10-16,24,Male,Mumbai
292,2025-10-20,44,Male,Hyderabad
293,2026-01-25,25,Male,Bangalore
294,2024-04-09,30,Male,Mumbai
295,2025-02-28,53,Female,Mumbai
296,2025-03-15,45,Male,Hyderabad
297,2025-01-11,37,Female,Mumbai
298,2025-08-27,29,Female,Mumbai
299,2026-05-30,25,Male,Bangalore
300,2025-04-18,47,Female,Delhi
301,2025-01-09,45,Male,Delhi
302,2026-03-07,25,Female,Hyderabad
303,2023-02-10,27,Female,Mumbai
304,2023-08-09,53,Male,Bangalore
305,2024-01-01,47,Male,Mumbai
306,2023-10-13,55,Female,Hyderabad
307,2023-03-17,38,Female,Pune
308,2024-12-18,25,Female,Bangalore
309,2024-02-02,37,Male,Bangalore
310,2023-02-26,20,Female,Pune
311,2027-01-17,57,Male,Pune
312,2026-06-13,25,Male,Pune
313,2023-05-03,41,Male,Hyderabad
314,2024-11-03,39,Male,Pune
315,2023-06-02,49,Female,Bangalore
316,2026-02-23,18,Female,Delhi
317,2024-05-10,57,Female,Delhi
318,2025-07-10,51,Female,Bangalore
319,2024-03-29,25,Female,Chennai
320,2023-03-10,35,Female,Hyderabad
321,2025-03-09,53,Male,Pune
322,2025-01-04,43,Male,Mumbai
323,2023-01-21,38,Female,Hyderabad
324,2024-04-19,19,Female,Mumbai
325,2026-05-16,32,Female,Mumbai
326,2025-10-17,57,Male,Hyderabad
327,2026-06-16,21,Male,Delhi
328,2024-11-27,30,Female,Hyderabad
329,2024-09-04,58,Female,Bangalore
330,2024-09-22,44,Female,Bangalore
331,2025-12-25,54,Male,Pune
332,2023-05-22,57,Female,Bangalore
333,2027-01-01,50,Female,Hyderabad
334,2024-01-06,38,Male,Mumbai
335,2023-06-20,31,Female,Mumbai
336,2023-09-28,30,Male,Mumbai
337,2026-02-06,27,Male,Chennai
338,2024-08-22,24,Male,Pune
339,2026-12-17,33,Male,Mumbai
340,2027-01-02,49,Female,Chennai
341,2026-08-05,46,Female,Bangalore
342,2025-11-07,32,Male,Chennai
343,2025-01-30,24,Male,Pune
344,2023-07-09,43,Female,Hyderabad
345,2023-11-29,51,Female,Hyderabad
346,2024-09-11,52,Male,Hyderabad
347,2025-02-18,45,Male,Pune
348,2025-08-28,31,Male,Delhi
349,2023-08-04,25,Male,Pune
350,2024-05-27,23,Female,Bangalore
351,2026-04-27,58,Male,Mumbai
352,2024-12-05,46,Male,Delhi
353,2025-01-19,29,Female,Bangalore
354,2023-07-07,52,Female,Delhi
355,2024-06-22,36,Female,Delhi
356,2026-11-24,26,Male,Bangalore
357,2023-09-20,58,Male,Chennai
358,2026-08-31,36,Male,Chennai
359,2023-07-29,47,Female,Hyderabad
360,2024-12-15,32,Male,Hyderabad
361,2025-09-22,40,Female,Chennai
362,2025-06-24,25,Female,Chennai
363,2026-07-27,50,Female,Delhi
364,2026-03-27,27,Male,Bangalore
365,2024-02-03,43,Female,Delhi
366,2025-03-21,21,Male,Chennai
367,2026-10-27,32,Female,Hyderabad
368,2025-09-15,34,Male,Chennai
369,2026-08-07,23,Female,Hyderabad
370,2023-04-18,33,Female,Pune
371,2026-06-26,57,Male,Delhi
372,2025-11-12,36,Male,Mumbai
373,2025-01-13,43,Male,Delhi
374,2025-06-21,28,Male,Chennai
375,2025-03-02,59,Male,Bangalore
376,2024-08-27,24,Male,Bangalore
377,2024-05-16,18,Male,Bangalore
378,2024-04-14,55,Male,Pune
379,2023-06-01,54,Female,Mumbai
380,2023-07-01,21,Female,Chennai
381,2026-02-22,59,Male,Pune
382,2024-12-04,23,Female,Chennai
383,2026-08-20,35,Male,Mumbai
384,2023-02-18,37,Female,Bangalore
385,2024-03-24,24,Male,Hyderabad
386,2025-12-12,20,Male,Delhi
387,2024-09-21,46,Female,Delhi
388,2023-05-13,30,Female,Pune
389,2024-02-27,59,Male,Delhi
390,2025-10-22,25,Male,Hyderabad
391,2023-01-05,30,Female,Delhi
392,2024-02-21,36,Male,Hyderabad
393,2024-05-06,48,Female,Pune
394,2026-12-26,46,Male,Pune
395,2023-11-20,51,Male,Bangalore
396,2024-07-09,58,Female,Pune
397,2025-05-17,51,Male,Pune
398,2025-01-05,47,Female,Hyderabad
399,2025-12-08,39,Female,Mumbai
400,2024-05-12,30,Female,Bangalore
401,2025-06-08,43,Female,Pune
402,2024-12-07,31,Male,Bangalore
403,2023-10-23,56,Female,Bangalore
404,2025-05-03,24,Male,Bangalore
405,2025-08-17,56,Female,Bangalore
406,2026-12-12,41,Female,Delhi
407,2025-09-04,41,Male,Bangalore
408,2024-07-03,42,Male,Bangalore
409,2026-03-21,20,Male,Chennai
410,2024-06-11,51,Female,Mumbai
411,2024-09-29,33,Female,Delhi
412,2026-11-16,35,Female,Bangalore
413,2026-10-24,48,Female,Bangalore
414,2023-12-06,24,Female,Mumbai
415,2024-09-12,59,Female,Hyderabad
416,2023-10-27,34,Female,Pune
417,2025-02-12,54,Female,Mumbai
418,2025-10-21,46,Male,Hyderabad
419,2026-10-30,41,Female,Delhi
420,2024-10-29,56,Male,Chennai
421,2026-09-29,18,Female,Mumbai
422,2023-04-19,56,Female,Hyderabad
423,2025-06-01,45,Female,Pune
424,2025-05-02,33,Male,Delhi
425,2025-06-29,27,Male,Chennai
426,2024-06-10,18,Male,Chennai
427,2025-10-09,27,Male,Chennai
428,2023-10-11,34,Male,Pune
429,2023-03-21,46,Male,Mumbai
430,2025-09-13,41,Male,Bangalore
431,2023-12-16,57,Female,Bangalore
432,2025-11-05,51,Male,Bangalore
433,2025-04-16,20,Female,Chennai
434,2026-01-04,33,Female,Hyderabad
435,2023-05-30,27,Female,Delhi
436,2024-03-05,45,Male,Hyderabad
437,2024-04-01,18,Male,Chennai
438,2023-10-29,53,Female,Chennai
439,2024-03-18,42,Male,Chennai
440,2025-04-05,39,Female,Chennai
441,2024-03-20,18,Male,Bangalore
442,2025-09-03,56,Female,Bangalore
443,2025-02-20,53,Male,Pune
444,2026-12-14,37,Male,Chennai
445,2025-01-06,41,Male,Hyderabad
446,2024-05-17,40,Female,Delhi
447,2025-12-23,27,Female,Delhi
448,2023-09-29,54,Male,Bangalore
449,2024-06-25,34,Female,Hyderabad
450,2026-08-13,35,Female,Delhi
451,2025-12-30,56,Male,Delhi
452,2024-11-15,46,Female,Hyderabad
453,2026-08-21,53,Male,Chennai
454,2024-03-27,35,Male,Delhi
455,2026-03-17,57,Male,Mumbai
456,2026-12-01,46,Female,Hyderabad
457,2023-08-25,31,Male,Delhi
458,2023-10-24,22,Male,Chennai
459,2023-12-22,53,Male,Pune
460,2024-05-19,58,Female,Mumbai
461,2026-08-28,37,Female,Chennai
462,2023-07-28,47,Male,Mumbai
463,2023-10-09,23,Male,Delhi
464,2025-10-12,42,Female,Mumbai
465,2023-02-09,37,Male,Delhi
466,2024-12-21,22,Female,Hyderabad
467,2025-08-16,55,Female,Bangalore
468,2027-01-24,46,Male,Hyderabad
469,2026-05-25,57,Male,Pune
470,2026-07-08,51,Female,Delhi
471,2026-07-25,44,Male,Chennai
472,2025-02-02,45,Female,Bangalore
473,2023-03-25,46,Male,Hyderabad
474,2024-01-12,52,Female,Hyderabad
475,2023-09-24,25,Male,Delhi
476,2025-03-30,32,Female,Pune
477,2025-11-24,59,Male,Chennai
478,2023-03-09,40,Male,Delhi
479,2025-08-01,51,Female,Mumbai
480,2025-03-22,58,Male,Hyderabad
481,2023-07-27,51,Male,Pune
482,2023-10-07,57,Female,Hyderabad
483,2024-04-04,24,Female,Bangalore
484,2024-01-18,52,Male,Hyderabad
485,2025-05-31,44,Female,Bangalore
486,2024-03-28,23,Female,Mumbai
487,2026-03-24,49,Male,Pune
488,2024-10-21,19,Female,Mumbai
489,2026-05-04,47,Female,Hyderabad
490,2024-09-03,56,Female,Delhi
491,2024-07-13,44,Female,Hyderabad
492,2026-10-07,56,Male,Delhi
493,2025-07-07,35,Male,Pune
494,2023-11-27,57,Female,Delhi
495,2025-10-28,42,Male,Hyderabad
496,2025-01-14,34,Male,Chennai
497,2025-05-30,57,Male,Bangalore
498,2023-09-04,30,Female,Bangalore
499,2026-03-08,30,Female,Bangalore
500,2024-05-07,32,Female,Hyderabad
501,2026-10-16,37,Male,Delhi
502,2025-07-02,49,Female,Hyderabad
503,2026-04-03,39,Male,Bangalore
504,2025-05-23,27,Male,Bangalore
505,2026-02-14,27,Female,Pune
506,2026-06-12,25,Male,Hyderabad
507,2026-04-26,24,Male,Pune
508,2023-01-25,44,Male,Pune
509,2025-04-17,33,Male,Hyderabad
510,2025-10-23,38,Female,Mumbai
511,2024-04-13,18,Female,Bangalore
512,2026-04-11,43,Female,Hyderabad
513,2026-04-10,24,Male,Delhi
514,2024-05-23,46,Male,Delhi
515,2024-07-31,38,Male,Pune
516,2023-06-29,47,Female,Pune
517,2025-09-25,42,Female,Pune
518,2023-04-22,48,Female,Delhi
519,2024-12-22,49,Female,Mumbai
520,2025-06-22,39,Female,Bangalore
521,2026-06-02,41,Male,Delhi
522,2024-11-17,21,Female,Mumbai
523,2025-06-26,22,Female,Hyderabad
524,2026-09-08,40,Female,Chennai
525,2026-01-19,58,Female,Delhi
526,2023-12-08,44,Female,Pune
527,2023-11-02,20,Male,Mumbai
528,2026-01-02,36,Male,Hyderabad
529,2024-03-21,41,Male,Hyderabad
530,2025-10-04,56,Male,Delhi
531,2027-01-06,30,Male,Pune
532,2026-11-04,58,Female,Chennai
533,2023-12-07,20,Female,Hyderabad
534,2025-06-06,53,Female,Chennai
535,2026-11-26,34,Female,Pune
536,2024-02-28,19,Male,Bangalore
537,2025-07-06,48,Female,Delhi
538,2026-07-30,39,Male,Hyderabad
539,2027-02-03,48,Female,Hyderabad
540,2026-12-11,45,Male,Mumbai
541,2027-01-04,20,Male,Mumbai
542,2026-12-04,54,Female,Mumbai
543,2024-12-14,40,Female,Pune
544,2024-06-13,45,Male,Delhi
545,2024-12-06,40,Female,Chennai
546,2023-12-25,35,Male,Delhi
547,2026-11-19,59,Female,Chennai
548,2024-05-05,50,Male,Pune
549,2024-03-25,45,Female,Chennai
550,2024-07-22,40,Female,Mumbai
551,2024-10-04,42,Female,Pune
552,2026-01-07,34,Female,Bangalore
553,2026-10-17,53,Female,Chennai
554,2026-12-16,54,Male,Bangalore
555,2026-04-01,42,Male,Hyderabad
556,2024-03-13,52,Female,Chennai
557,2025-08-15,22,Female,Hyderabad
558,2024-11-18,49,Male,Pune
559,2024-07-06,26,Male,Pune
560,2026-06-20,35,Male,Hyderabad
561,2026-02-10,46,Male,Chennai
562,2023-09-14,58,Male,Mumbai
563,2027-01-21,24,Male,Chennai
564,2025-07-18,19,Female,Chennai
565,2024-10-07,53,Male,Mumbai
566,2026-05-28,19,Male,Bangalore
567,2024-10-11,44,Female,Hyderabad
568,2026-10-28,21,Male,Delhi
569,2023-08-22,25,Male,Pune
570,2025-02-22,26,Female,Delhi
571,2026-01-09,40,Female,Bangalore
572,2024-07-23,53,Male,Bangalore
573,2026-09-07,29,Male,Bangalore
574,2025-11-19,48,Female,Mumbai
575,2026-10-08,44,Female,Chennai
576,2023-03-29,57,Male,Bangalore
577,2023-12-29,44,Female,Pune
578,2026-07-26,43,Female,Hyderabad
579,2025-02-27,23,Male,Mumbai
580,2023-11-22,46,Female,Chennai
581,2026-03-09,47,Female,Bangalore
582,2023-02-27,55,Male,Bangalore
583,2025-06-14,41,Male,Mumbai
584,2024-09-07,32,Male,Hyderabad
585,2025-04-23,30,Male,Delhi
586,2024-06-27,48,Male,Mumbai
587,2024-02-29,20,Female,Chennai
588,2025-12-07,45,Male,Pune
589,2024-12-13,23,Female,Delhi
590,2023-12-21,59,Male,Chennai
591,2023-08-26,27,Male,Bangalore
592,2026-07-29,46,Female,Delhi
593,2026-10-05,45,Male,Chennai
594,2025-07-28,49,Female,Pune
595,2025-05-26,58,Male,Delhi
596,2023-07-02,41,Female,Chennai
597,2025-10-19,45,Male,Mumbai
598,2026-02-03,38,Female,Mumbai
599,2025-08-21,53,Female,Bangalore
600,2024-08-31,51,Male,Bangalore
601,2026-07-07,48,Male,Mumbai
602,2026-04-21,42,Male,Bangalore
603,2023-01-04,31,Male,Hyderabad
604,2023-08-15,18,Male,Chennai
605,2026-02-27,56,Female,Pune
606,2023-04-03,32,Male,Hyderabad
607,2025-07-04,53,Female,Hyderabad
608,2025-06-16,44,Female,Hyderabad
609,2023-09-06,45,Male,Bangalore
610,2023-12-02,43,Male,Chennai
611,2024-07-02,26,Male,Bangalore
612,2025-09-17,59,Female,Pune
613,2025-10-27,31,Male,Mumbai
614,2023-10-04,53,Female,Delhi
615,2026-06-03,50,Male,Pune
616,2024-06-04,31,Female,Chennai
617,2026-09-18,47,Male,Bangalore
618,2023-11-12,50,Female,Chennai
619,2025-10-18,35,Female,Delhi
620,2023-03-03,43,Female,Hyderabad
621,2025-04-25,58,Male,Bangalore
622,2027-01-22,33,Female,Chennai
623,2026-01-21,20,Female,Chennai
624,2026-05-05,30,Male,Pune
625,2023-11-30,22,Female,Bangalore
626,2026-12-03,25,Male,Hyderabad
627,2025-12-26,25,Male,Hyderabad
628,2024-10-08,53,Male,Delhi
629,2026-05-22,31,Female,Hyderabad
630,2026-11-02,37,Female,Mumbai
631,2025-11-02,27,Male,Pune
632,2027-02-02,52,Male,Bangalore
633,2023-08-08,45,Female,Mumbai
634,2023-12-01,31,Female,Delhi
635,2026-04-08,34,Female,Chennai
636,2023-03-07,26,Female,Pune
637,2025-07-24,38,Male,Pune
638,2023-10-14,18,Female,Pune
639,2026-12-10,52,Female,Bangalore
640,2024-12-02,20,Male,Mumbai
641,2023-12-14,42,Female,Hyderabad
642,2024-01-22,41,Female,Pune
643,2024-07-14,47,Female,Pune
644,2023-05-06,56,Female,Bangalore
645,2024-02-20,27,Male,Mumbai
646,2023-08-14,42,Female,Delhi
647,2026-10-25,52,Male,Chennai
648,2024-06-02,41,Female,Chennai
649,2025-03-25,30,Female,Mumbai
650,2023-06-28,47,Male,Bangalore
651,2026-07-31,37,Female,Delhi
652,2024-06-12,28,Male,Mumbai
653,2025-09-29,34,Female,Chennai
654,2025-05-28,39,Female,Chennai
655,2023-09-18,33,Male,Chennai
656,2024-10-31,31,Female,Hyderabad
657,2026-02-11,52,Female,Mumbai
658,2026-09-17,53,Male,Pune
659,2023-09-03,35,Female,Mumbai
660,2025-02-16,31,Female,Mumbai
661,2024-10-14,21,Male,Hyderabad
662,2024-05-08,47,Male,Pune
663,2026-12-21,52,Female,Pune
664,2026-09-02,50,Male,Bangalore
665,2023-05-05,21,Male,Chennai
666,2025-06-23,50,Male,Hyderabad
667,2026-03-15,27,Female,Chennai
668,2023-06-21,59,Male,Hyderabad
669,2024-05-14,51,Male,Chennai
670,2025-12-05,42,Female,Mumbai
671,2024-03-14,47,Female,Delhi
672,2023-05-04,43,Female,Mumbai
673,2025-01-20,51,Male,Chennai
674,2025-12-19,38,Female,Bangalore
675,2023-07-31,32,Male,Chennai
676,2024-11-25,33,Male,Mumbai
677,2026-02-24,44,Female,Pune
678,2024-07-10,43,Male,Delhi
679,2026-09-03,44,Female,Mumbai
680,2023-01-22,34,Female,Chennai
681,2026-05-08,46,Male,Bangalore
682,2023-04-26,47,Female,Delhi
683,2023-02-07,24,Female,Bangalore
684,2026-11-17,33,Female,Chennai
685,2023-04-10,50,Male,Chennai
686,2024-04-08,49,Female,Hyderabad
687,2023-09-23,36,Male,Bangalore
688,2025-01-16,29,Male,Pune
689,2023-01-07,50,Male,Chennai
690,2025-10-06,31,Female,Mumbai
691,2024-10-18,47,Female,Bangalore
692,2025-07-01,56,Female,Mumbai
693,2027-01-13,24,Female,Delhi
694,2024-07-08,26,Female,Mumbai
695,2023-11-24,45,Male,Delhi
696,2023-02-15,56,Male,Mumbai
697,2027-01-26,54,Female,Bangalore
698,2024-10-06,57,Male,Hyderabad
699,2024-04-12,47,Female,Hyderabad
700,2026-01-16,31,Female,Bangalore
701,2023-08-23,58,Female,Delhi
702,2024-09-18,44,Male,Bangalore
703,2025-03-24,53,Male,Bangalore
704,2026-07-23,33,Male,Delhi
705,2023-03-06,22,Male,Bangalore
706,2023-05-07,47,Female,Bangalore
707,2025-02-05,55,Male,Delhi
708,2026-03-30,54,Female,Mumbai
709,2024-02-09,53,Female,Hyderabad
710,2023-12-05,20,Female,Delhi
711,2024-10-24,34,Female,Pune
712,2025-07-19,54,Male,Bangalore
713,2025-01-22,20,Female,Bangalore
714,2024-09-28,39,Male,Pune
715,2025-12-22,20,Female,Pune
716,2024-04-27,25,Male,Pune
717,2026-07-16,32,Female,Hyderabad
718,2026-05-17,35,Female,Hyderabad
719,2025-05-22,50,Male,Pune
720,2025-01-01,44,Female,Hyderabad
721,2025-04-21,40,Female,Delhi
722,2024-05-11,36,Male,Delhi
723,2024-10-28,41,Female,Delhi
724,2025-01-12,39,Female,Chennai
725,2026-10-04,58,Male,Chennai
726,2023-06-11,36,Female,Chennai
727,2023-10-18,39,Female,Chennai
728,2026-02-01,57,Male,Bangalore
729,2026-12-25,37,Female,Pune
730,2024-01-07,47,Male,Bangalore
731,2027-02-07,39,Female,Bangalore
732,2023-04-04,44,Female,Mumbai
733,2026-06-15,44,Female,Pune
734,2025-10-30,41,Male,Pune
735,2025-09-08,32,Female,Delhi
736,2027-01-15,45,Male,Bangalore
737,2025-11-11,21,Female,Delhi
738,2025-04-27,32,Female,Chennai
739,2026-12-29,42,Female,Pune
740,2026-09-30,50,Female,Hyderabad
741,2023-07-03,43,Female,Pune
742,2026-12-30,30,Female,Chennai
743,2024-06-21,45,Male,Bangalore
744,2024-07-04,33,Female,Mumbai
745,2026-07-20,39,Female,Hyderabad
746,2024-08-17,47,Female,Pune
747,2023-11-26,23,Female,Hyderabad
748,2023-09-07,53,Female,Bangalore
749,2023-03-28,38,Male,Hyderabad
750,2025-05-18,22,Female,Bangalore
751,2024-01-13,56,Female,Hyderabad
752,2026-07-06,55,Male,Mumbai
753,2023-01-19,44,Female,Delhi
754,2026-02-19,40,Male,Pune
755,2026-02-13,19,Female,Bangalore
756,2023-07-10,32,Male,Chennai
757,2025-01-10,58,Female,Mumbai
758,2023-09-13,55,Female,Pune
759,2023-01-11,30,Female,Hyderabad
760,2025-08-12,56,Female,Chennai
761,2026-02-04,48,Male,Hyderabad
762,2024-06-23,53,Male,Mumbai
763,2024-11-09,22,Female,Chennai
764,2025-11-17,37,Male,Mumbai
765,2023-01-06,30,Female,Mumbai
766,2025-07-27,47,Male,Bangalore
767,2023-10-19,28,Female,Mumbai
768,2025-06-10,43,Female,Hyderabad
769,2024-12-28,35,Male,Chennai
770,2024-02-01,58,Male,Mumbai
771,2024-02-17,39,Male,Chennai
772,2025-10-16,26,Male,Pune
773,2025-03-26,48,Female,Chennai
774,2024-09-05,51,Male,Pune
775,2025-12-31,33,Female,Mumbai
776,2023-11-04,25,Male,Hyderabad
777,2026-11-28,22,Female,Bangalore
778,2024-03-31,52,Male,Pune
779,2023-07-16,58,Male,Hyderabad
780,2025-09-12,41,Male,Hyderabad
781,2025-07-21,42,Female,Mumbai
782,2023-08-03,44,Female,Hyderabad
783,2026-03-04,23,Male,Chennai
784,2023-05-19,28,Female,Mumbai
785,2024-11-11,32,Male,Hyderabad
786,2025-04-03,23,Male,Mumbai
787,2026-10-15,54,Female,Delhi
788,2023-01-01,21,Female,Hyderabad
789,2025-05-25,43,Male,Mumbai
790,2023-11-14,26,Male,Hyderabad
791,2023-06-09,59,Male,Hyderabad
792,2026-10-29,56,Male,Chennai
793,2025-07-23,54,Male,Pune
794,2025-01-26,33,Female,Hyderabad
795,2025-12-04,36,Female,Mumbai
796,2026-05-13,19,Male,Pune
797,2026-06-19,24,Female,Mumbai
798,2026-08-06,54,Male,Mumbai
799,2023-05-09,20,Female,Delhi
800,2026-10-14,33,Male,Pune
801,2025-08-07,43,Female,Chennai
802,2025-08-09,30,Male,Pune
803,2024-05-03,33,Male,Hyderabad
804,2023-06-14,39,Female,Mumbai
805,2024-11-06,20,Female,Hyderabad
806,2023-10-21,54,Male,Pune
807,2023-04-24,55,Female,Pune
808,2024-02-11,35,Male,Pune
809,2026-08-27,44,Female,Delhi
810,2023-11-18,40,Female,Chennai
811,2023-03-01,38,Female,Mumbai
812,2024-09-08,47,Male,Mumbai
813,2024-11-04,35,Male,Pune
814,2023-01-08,40,Male,Mumbai
815,2023-07-13,41,Male,Chennai
816,2026-03-13,39,Male,Hyderabad
817,2023-07-19,32,Female,Delhi
818,2025-08-23,58,Male,Pune
819,2026-04-09,21,Female,Pune
820,2023-02-28,35,Male,Delhi
821,2025-11-18,22,Male,Delhi
822,2023-05-27,26,Male,Chennai
823,2024-12-12,39,Male,Pune
824,2024-07-28,33,Male,Chennai
825,2024-08-15,22,Male,Bangalore
826,2025-09-06,39,Male,Delhi
827,2024-10-05,32,Female,Bangalore
828,2025-10-03,56,Male,Pune
829,2023-12-24,47,Female,Pune
830,2024-08-16,30,Male,Delhi
831,2023-07-08,50,Male,Chennai
832,2026-03-25,26,Male,Mumbai
833,2026-08-02,57,Male,Mumbai
834,2025-03-17,21,Female,Chennai
835,2024-02-19,32,Male,Hyderabad
836,2024-09-20,21,Female,Pune
837,2023-04-20,37,Female,Mumbai
838,2026-03-22,27,Female,Mumbai
839,2023-01-26,37,Male,Mumbai
840,2026-07-22,31,Female,Hyderabad
841,2025-07-29,37,Male,Hyderabad
842,2025-02-24,31,Male,Bangalore
843,2025-12-03,46,Female,Pune
844,2026-01-14,45,Male,Delhi
845,2025-04-15,22,Female,Mumbai
846,2026-01-18,29,Male,Bangalore
847,2024-06-07,31,Male,Pune
848,2024-11-12,57,Female,Delhi
849,2024-03-15,19,Male,Delhi
850,2026-03-20,46,Male,Pune
851,2026-12-09,55,Female,Mumbai
852,2023-08-16,39,Male,Bangalore
853,2023-10-17,57,Male,Hyderabad
854,2026-05-11,28,Female,Pune
855,2025-03-01,57,Female,Chennai
856,2026-01-22,23,Female,Bangalore
857,2025-05-29,56,Male,Bangalore
858,2024-08-11,39,Male,Bangalore
859,2023-03-12,25,Male,Bangalore
860,2025-05-07,26,Male,Mumbai
861,2023-10-01,39,Female,Pune
862,2024-11-19,24,Male,Hyderabad
863,2024-02-24,50,Male,Bangalore
864,2024-08-14,37,Male,Delhi
865,2026-09-21,47,Female,Mumbai
866,2024-11-29,25,Female,Mumbai
867,2023-10-08,34,Male,Delhi
868,2026-02-20,40,Male,Bangalore
869,2023-08-30,41,Female,Delhi
870,2025-11-29,55,Female,Mumbai
871,2024-11-20,31,Male,Hyderabad
872,2024-10-23,40,Female,Delhi
873,2023-04-09,49,Female,Mumbai
874,2026-01-11,30,Male,Chennai
875,2024-11-07,41,Female,Chennai
876,2026-07-28,58,Female,Delhi
877,2024-04-07,18,Male,Mumbai
878,2026-02-12,54,Male,Delhi
879,2025-05-13,52,Male,Hyderabad
880,2026-06-07,31,Female,Bangalore
881,2024-05-18,52,Female,Bangalore
882,2026-10-12,18,Female,Delhi
883,2026-12-18,19,Female,Chennai
884,2024-11-30,46,Female,Delhi
885,2026-07-13,31,Male,Bangalore
886,2023-07-06,24,Female,Delhi
887,2024-01-30,58,Male,Mumbai
888,2024-10-20,22,Male,Chennai
889,2026-08-11,59,Female,Bangalore
890,2026-04-17,33,Male,Mumbai
891,2024-04-24,38,Male,Mumbai
892,2026-02-09,52,Male,Chennai
893,2025-04-19,30,Female,Hyderabad
894,2024-06-01,46,Male,Bangalore
895,2025-12-06,41,Male,Chennai
896,2026-11-05,22,Female,Chennai
897,2023-09-26,24,Female,Hyderabad
898,2023-10-10,53,Female,Delhi
899,2023-07-12,48,Male,Bangalore
900,2023-02-02,48,Male,Delhi
901,2025-02-03,59,Female,Hyderabad
902,2023-05-17,54,Male,Pune
903,2023-05-08,18,Male,Delhi
904,2025-02-01,59,Female,Mumbai
905,2024-10-09,23,Female,Pune
906,2025-04-13,26,Female,Delhi
907,2023-02-24,53,Female,Mumbai
908,2026-06-06,43,Female,Pune
909,2026-01-27,29,Female,Hyderabad
910,2025-11-08,55,Female,Pune
911,2026-05-20,54,Male,Delhi
912,2024-01-09,48,Male,Hyderabad
913,2026-07-03,41,Male,Hyderabad
914,2026-10-13,56,Female,Delhi
915,2023-08-17,22,Male,Hyderabad
916,2026-02-17,44,Female,Mumbai
917,2024-06-30,57,Male,Mumbai
918,2024-10-25,48,Male,Chennai
919,2024-10-19,44,Male,Chennai
920,2023-07-23,51,Male,Delhi
921,2024-02-25,58,Female,Bangalore
922,2025-06-20,50,Female,Chennai
923,2025-07-14,47,Male,Bangalore
924,2023-05-15,57,Female,Pune
925,2026-03-31,38,Male,Bangalore
926,2024-03-06,54,Male,Delhi
927,2026-12-15,50,Female,Bangalore
928,2025-10-01,38,Male,Mumbai
929,2024-03-07,48,Male,Delhi
930,2024-11-24,56,Female,Hyderabad
931,2024-05-20,31,Male,Pune
932,2024-10-26,36,Female,Hyderabad
933,2023-10-16,30,Male,Bangalore
934,2025-11-10,45,Female,Delhi
935,2025-04-04,25,Female,Mumbai
936,2025-09-26,21,Male,Delhi
937,2023-04-13,33,Male,Pune
938,2026-07-24,25,Male,Chennai
939,2023-07-04,32,Male,Bangalore
940,2023-07-20,31,Male,Chennai
941,2023-12-03,28,Female,Delhi
942,2023-05-14,36,Male,Pune
943,2026-01-28,18,Male,Delhi
944,2025-07-26,40,Female,Bangalore
945,2026-03-29,22,Male,Chennai
946,2026-04-14,42,Male,Hyderabad
947,2025-11-30,31,Female,Chennai
948,2025-05-01,26,Male,Bangalore
949,2025-09-20,30,Female,Hyderabad
950,2025-01-24,22,Female,Hyderabad
951,2024-11-05,45,Female,Bangalore
952,2026-11-23,51,Female,Bangalore
953,2026-01-17,50,Female,Hyderabad
954,2024-03-08,22,Female,Bangalore
955,2026-10-01,44,Male,Bangalore
956,2024-04-10,22,Female,Mumbai
957,2026-02-28,53,Female,Pune
958,2023-04-15,29,Female,Bangalore
959,2024-08-23,55,Male,Chennai
960,2026-03-11,33,Female,Hyderabad
961,2026-12-31,20,Female,Hyderabad
962,2025-08-11,55,Female,Hyderabad
963,2025-02-10,50,Female,Delhi
964,2024-06-14,35,Male,Hyderabad
965,2026-08-19,56,Male,Hyderabad
966,2025-12-09,21,Male,Chennai
967,2025-11-20,32,Male,Bangalore
968,2026-02-08,18,Female,Hyderabad
969,2026-10-11,39,Male,Pune
970,2024-12-01,19,Female,Hyderabad
971,2024-01-10,28,Male,Mumbai
972,2023-12-18,59,Female,Chennai
973,2025-08-18,26,Female,Pune
974,2024-10-01,43,Female,Mumbai
975,2025-06-18,20,Male,Hyderabad
976,2023-10-22,50,Female,Pune
977,2023-04-21,35,Male,Delhi
978,2023-02-06,18,Male,Delhi
979,2024-04-06,43,Female,Delhi
980,2023-01-31,57,Female,Delhi
981,2024-09-25,28,Male,Chennai
982,2023-11-01,46,Female,Chennai
983,2023-11-28,39,Male,Mumbai
984,2026-06-17,44,Male,Chennai
985,2023-02-11,47,Female,Mumbai
986,2023-10-02,22,Male,Hyderabad
987,2025-08-25,52,Female,Hyderabad
988,2026-11-15,28,Male,Chennai
989,2025-02-08,29,Male,Delhi
990,2025-07-22,23,Female,Hyderabad
991,2024-01-20,27,Male,Hyderabad
992,2026-02-02,51,Male,Hyderabad
993,2026-10-09,22,Female,Chennai
994,2025-12-13,43,Male,Pune
995,2026-03-05,31,Female,Pune
996,2025-05-27,35,Male,Chennai
997,2026-09-16,48,Male,Hyderabad
998,2024-02-26,31,Female,Delhi
999,2024-02-14,47,Male,Pune
1000,2023-05-11,53,Male,Delhi
1001,2023-02-22,33,Male,Pune
1002,2023-04-29,59,Male,Pune
1003,2023-06-18,54,Male,Hyderabad
1004,2023-11-07,40,Female,Pune
1005,2025-05-20,58,Female,Delhi
1006,2023-02-23,26,Male,Hyderabad
1007,2024-09-30,49,Female,Delhi
1008,2024-09-09,52,Male,Hyderabad
1009,2023-09-22,37,Female,Chennai
1010,2024-12-16,30,Male,Hyderabad
1011,2023-03-15,21,Female,Bangalore
1012,2026-11-06,42,Female,Delhi
1013,2025-06-11,57,Male,Chennai
1014,2025-01-18,53,Male,Pune
1015,2023-03-04,42,Female,Hyderabad
1016,2025-10-02,53,Male,Chennai
1017,2025-01-29,23,Female,Mumbai
1018,2024-09-26,48,Female,Mumbai
1019,2023-10-05,53,Female,Mumbai
1020,2024-05-21,36,Female,Delhi
1021,2025-12-24,45,Male,Chennai
1022,2024-10-13,57,Male,Bangalore
1023,2026-04-02,54,Female,Bangalore
1024,2026-04-15,46,Female,Chennai
1025,2024-05-13,43,Female,Chennai
1026,2026-01-23,20,Female,Chennai
1027,2025-09-01,36,Female,Pune
1028,2023-01-14,32,Female,Pune
1029,2023-12-11,32,Male,Pune
1030,2024-03-12,53,Female,Mumbai
1031,2026-12-24,37,Male,Delhi
1032,2026-12-05,49,Male,Pune
1033,2026-11-29,30,Female,Hyderabad
1034,2023-01-03,23,Female,Mumbai
1035,2025-10-11,54,Male,Hyderabad
1036,2024-01-11,41,Male,Bangalore
1037,2025-07-11,20,Female,Chennai
1038,2026-11-12,29,Male,Chennai
1039,2024-02-05,20,Female,Mumbai
1040,2024-05-01,22,Female,Mumbai
1041,2023-02-21,47,Female,Hyderabad
1042,2024-05-24,55,Male,Bangalore
1043,2024-03-22,46,Female,Delhi
1044,2025-11-14,39,Male,Mumbai
1045,2025-06-19,40,Male,Bangalore
1046,2025-03-10,26,Female,Pune
1047,2027-01-27,33,Male,Chennai
1048,2024-03-26,34,Male,Chennai
1049,2026-05-01,49,Female,Chennai
1050,2025-03-31,58,Female,Pune
1051,2026-09-11,47,Female,Pune
1052,2026-01-26,52,Female,Delhi
1053,2024-11-21,28,Male,Chennai
1054,2024-09-17,40,Female,Hyderabad
1055,2026-08-10,54,Male,Hyderabad
1056,2023-11-03,22,Male,Chennai
1057,2025-02-11,18,Female,Mumbai
1058,2025-09-14,42,Male,Delhi
1059,2025-05-19,48,Female,Bangalore
1060,2024-07-24,42,Female,Pune
1061,2026-07-12,24,Male,Chennai
1062,2024-08-21,53,Male,Pune
1063,2023-01-28,31,Male,Pune
1064,2024-10-30,38,Female,Delhi
1065,2027-01-20,20,Female,Chennai
1066,2025-05-11,45,Female,Hyderabad
1067,2024-10-17,21,Male,Hyderabad
1068,2023-02-13,27,Female,Chennai
1069,2024-08-30,40,Female,Pune
1070,2025-11-25,32,Male,Bangalore
1071,2024-06-16,42,Female,Pune
1072,2024-09-24,29,Female,Bangalore
1073,2027-01-08,21,Male,Bangalore
1074,2024-08-06,22,Female,Mumbai
1075,2026-08-09,54,Female,Chennai
1076,2023-07-05,31,Male,Mumbai
1077,2026-06-01,20,Male,Hyderabad
1078,2023-06-08,32,Male,Chennai
1079,2024-06-08,20,Male,Delhi
1080,2023-05-21,33,Female,Pune
1081,2023-12-19,57,Female,Chennai
1082,2026-12-08,45,Female,Mumbai
1083,2023-03-13,40,Male,Bangalore
1084,2024-06-17,23,Female,Delhi
1085,2025-03-28,48,Male,Bangalore
1086,2025-12-28,21,Male,Bangalore
1087,2026-06-08,48,Male,Chennai
1088,2026-04-04,55,Female,Hyderabad
1089,2023-08-06,37,Female,Bangalore
1090,2024-01-04,57,Male,Mumbai
1091,2025-01-25,45,Male,Mumbai
1092,2023-08-19,47,Female,Hyderabad
1093,2024-12-23,40,Female,Mumbai
1094,2027-01-18,26,Male,Delhi
1095,2026-04-23,30,Male,Pune
1096,2027-01-31,29,Male,Pune
1097,2023-08-02,34,Male,Mumbai
1098,2026-10-03,20,Female,Pune
1099,2023-04-30,48,Female,Mumbai
1100,2025-06-15,51,Female,Hyderabad
1101,2026-11-25,30,Male,Pune
1102,2024-04-21,44,Male,Pune
1103,2024-04-22,49,Male,Pune
1104,2025-03-08,24,Male,Pune
1105,2023-08-12,48,Female,Mumbai
1106,2026-05-07,44,Female,Delhi
1107,2024-06-09,47,Male,Bangalore
1108,2023-01-17,27,Female,Chennai
1109,2024-06-19,51,Female,Bangalore
1110,2026-07-05,44,Male,Hyderabad
1111,2026-11-08,53,Male,Mumbai
1112,2026-01-06,44,Male,Chennai
1113,2026-12-28,39,Male,Pune
1114,2025-03-03,37,Female,Chennai
1115,2026-04-13,33,Female,Delhi
1116,2026-11-14,30,Male,Mumbai
1117,2025-05-14,34,Male,Delhi
1118,2025-06-02,39,Female,Mumbai
1119,2026-09-04,43,Male,Bangalore
1120,2026-06-29,48,Female,Hyderabad
1121,2024-06-26,26,Female,Bangalore
1122,2026-08-23,58,Female,Chennai
1123,2023-03-16,31,Female,Chennai
1124,2026-02-26,54,Female,Bangalore
1125,2026-11-30,51,Female,Pune
1126,2025-01-03,54,Male,Pune
1127,2025-08-30,24,Female,Delhi
1128,2023-06-17,34,Male,Chennai
1129,2026-05-29,42,Male,Pune
1130,2023-08-24,54,Male,Bangalore
1131,2026-06-14,22,Male,Chennai
1132,2025-03-11,43,Male,Mumbai
1133,2023-10-12,18,Female,Delhi
1134,2023-11-16,59,Female,Pune
1135,2024-09-27,49,Male,Chennai
1136,2026-10-20,47,Male,Mumbai
1137,2026-09-05,45,Female,Pune
1138,2026-06-18,36,Female,Pune
1139,2025-06-28,52,Male,Bangalore
1140,2025-09-18,55,Male,Hyderabad
1141,2026-07-02,39,Female,Delhi
1142,2025-04-02,45,Male,Hyderabad
1143,2026-08-03,42,Male,Pune
1144,2024-10-27,43,Female,Delhi
1145,2024-02-12,23,Female,Bangalore
1146,2026-12-23,29,Male,Chennai
1147,2025-04-11,44,Female,Delhi
1148,2024-07-29,59,Male,Pune
1149,2027-02-04,23,Male,Delhi
1150,2024-05-26,42,Female,Pune
1151,2025-08-14,43,Male,Mumbai
1152,2025-03-20,35,Male,Bangalore
1153,2026-09-26,48,Male,Chennai
1154,2024-02-13,24,Male,Hyderabad
1155,2023-09-12,38,Male,Mumbai
1156,2026-03-26,25,Female,Delhi
1157,2024-04-03,45,Female,Delhi
1158,2025-05-15,26,Female,Pune
1159,2026-01-13,28,Female,Pune
1160,2026-12-20,44,Male,Mumbai
1161,2026-08-14,20,Female,Mumbai
1162,2024-06-06,41,Male,Mumbai
1163,2023-08-31,33,Male,Chennai
1164,2023-11-05,55,Male,Hyderabad
1165,2025-03-18,30,Female,Mumbai
1166,2026-07-14,58,Male,Hyderabad
1167,2026-08-18,24,Male,Mumbai
1168,2023-07-21,47,Male,Mumbai
1169,2026-07-18,36,Male,Mumbai
1170,2025-09-28,58,Male,Hyderabad
1171,2023-11-25,38,Male,Delhi
1172,2025-02-06,37,Female,Hyderabad
1173,2025-03-23,51,Male,Delhi
1174,2025-09-23,47,Male,Pune
1175,2023-08-13,38,Female,Hyderabad
1176,2023-03-19,30,Male,Pune
1177,2024-05-02,44,Female,Delhi
1178,2023-09-27,52,Female,Hyderabad
1179,2025-08-24,25,Male,Mumbai
1180,2023-02-01,32,Male,Chennai
1181,2025-04-01,46,Female,Chennai
1182,2025-07-08,41,Female,Delhi
1183,2026-11-18,30,Female,Delhi
1184,2024-09-10,21,Male,Mumbai
1185,2023-05-31,58,Female,Mumbai
1186,2023-03-11,41,Female,Mumbai
1187,2025-08-04,57,Male,Chennai
1188,2023-06-30,39,Male,Delhi
1189,2025-05-06,18,Male,Mumbai
1190,2023-04-07,30,Female,Mumbai
1191,2025-05-24,18,Male,Pune
1192,2026-02-05,36,Male,Delhi
1193,2027-01-16,51,Female,Pune
1194,2023-04-11,29,Male,Bangalore
1195,2024-03-11,39,Male,Delhi
1196,2024-08-12,52,Male,Delhi
1197,2024-11-22,56,Female,Pune
1198,2026-05-18,30,Female,Hyderabad
1199,2026-03-02,24,Male,Mumbai
1200,2026-10-02,43,Female,Hyderabad
1201,2024-05-04,27,Female,Pune
1202,2025-12-15,45,Female,Bangalore
1203,2025-10-10,39,Male,Pune
1204,2024-09-06,56,Male,Mumbai
1205,2025-03-29,27,Male,Hyderabad
1206,2024-12-24,42,Male,Mumbai
1207,2023-04-14,57,Female,Chennai
1208,2024-01-19,26,Female,Mumbai
1209,2025-09-05,28,Female,Mumbai
1210,2024-08-26,47,Female,Chennai
1211,2023-07-24,47,Male,Chennai
1212,2025-07-09,26,Female,Bangalore
1213,2024-11-28,40,Female,Delhi
1214,2025-06-30,54,Female,Pune
1215,2027-01-23,36,Female,Hyderabad
1216,2023-11-19,49,Male,Hyderabad
1217,2023-05-26,41,Female,Hyderabad
1218,2026-05-12,21,Male,Mumbai
1219,2023-02-03,36,Female,Mumbai
1220,2026-11-09,37,Female,Mumbai
1221,2025-06-17,23,Female,Hyderabad
1222,2024-06-05,56,Male,Chennai
1223,2023-07-30,38,Female,Delhi
1224,2025-12-16,29,Male,Delhi
1225,2025-01-23,24,Male,Mumbai
1226,2025-04-29,29,Female,Pune
1227,2024-10-22,36,Male,Chennai
1228,2026-05-27,43,Female,Hyderabad
1229,2025-02-09,34,Male,Pune
1230,2026-04-19,33,Female,Mumbai
1231,2026-08-12,18,Female,Hyderabad
1232,2025-11-16,45,Male,Delhi
1233,2024-08-28,28,Male,Hyderabad
1234,2025-10-26,54,Male,Pune
1235,2024-07-21,35,Female,Bangalore
1236,2023-06-25,39,Male,Pune
1237,2023-09-21,19,Female,Chennai
1238,2024-09-19,33,Male,Hyderabad
1239,2023-04-05,23,Male,Bangalore
1240,2024-11-13,58,Female,Bangalore
1241,2023-11-11,59,Female,Pune
1242,2023-04-17,52,Female,Hyderabad
1243,2027-02-06,43,Male,Delhi
1244,2023-02-05,42,Male,Bangalore
1245,2025-01-07,23,Female,Delhi
1246,2027-01-03,36,Male,Pune
1247,2025-12-10,24,Male,Mumbai
1248,2023-10-06,59,Female,Pune
1249,2023-06-07,35,Male,Chennai
1250,2023-01-10,35,Male,Mumbai
1251,2025-06-05,29,Female,Hyderabad
1252,2023-06-13,28,Female,Chennai
1253,2026-03-16,30,Male,Delhi
1254,2026-04-06,39,Male,Hyderabad
1255,2024-09-16,24,Male,Pune
1256,2023-12-15,20,Female,Bangalore
1257,2025-02-25,52,Female,Chennai
1258,2024-03-23,39,Female,Pune
1259,2025-05-12,39,Male,Chennai
1260,2024-01-25,22,Male,Chennai
1261,2024-03-16,37,Male,Mumbai
1262,2024-12-19,44,Male,Mumbai
1263,2026-04-25,57,Male,Chennai
1264,2024-01-08,58,Male,Mumbai
1265,2023-02-08,50,Male,Hyderabad
1266,2024-09-14,44,Male,Delhi
1267,2023-09-01,22,Male,Hyderabad
1268,2026-04-28,39,Female,Chennai
1269,2026-11-27,40,Male,Delhi
1270,2024-09-13,24,Male,Hyderabad
1271,2023-11-13,57,Female,Bangalore
1272,2023-03-20,32,Female,Hyderabad
1273,2027-02-08,25,Male,Chennai
1274,2024-04-29,49,Female,Mumbai
1275,2025-04-22,21,Female,Delhi
1276,2025-07-17,45,Male,Hyderabad
1277,2026-07-17,31,Female,Hyderabad
1278,2025-11-09,22,Female,Hyderabad
1279,2023-04-27,48,Female,Chennai
1280,2025-02-21,45,Male,Delhi
1281,2023-09-25,59,Male,Pune
1282,2026-04-30,34,Male,Pune
1283,2024-07-25,49,Female,Bangalore
1284,2026-08-25,48,Female,Bangalore
1285,2024-03-19,33,Female,Chennai
1286,2023-05-01,57,Male,Pune
1287,2023-09-16,31,Female,Hyderabad
1288,2024-05-25,30,Male,Delhi
1289,2025-02-17,57,Male,Chennai
1290,2025-04-09,18,Male,Hyderabad
1291,2026-11-03,32,Female,Chennai
1292,2023-03-14,43,Female,Delhi
1293,2025-12-11,44,Male,Bangalore
1294,2026-07-19,39,Male,Hyderabad
1295,2025-07-05,55,Female,Mumbai
1296,2023-12-26,40,Male,Hyderabad
1297,2024-09-01,35,Female,Mumbai
1298,2025-11-15,43,Male,Delhi
1299,2025-12-02,51,Female,Bangalore
1300,2024-11-16,22,Male,Delhi
1301,2026-06-22,59,Female,Hyderabad
1302,2023-01-18,56,Female,Pune
1303,2026-05-19,45,Female,Mumbai
1304,2026-07-01,43,Male,Mumbai
1305,2025-06-04,55,Female,Delhi
1306,2026-12-06,53,Male,Chennai
1307,2025-12-29,53,Female,Bangalore
1308,2023-03-23,21,Female,Hyderabad
1309,2023-12-04,38,Male,Mumbai
1310,2025-08-08,59,Male,Pune
1311,2024-02-10,45,Female,Pune
1312,2025-03-13,25,Male,Hyderabad
1313,2026-07-21,33,Male,Delhi
1314,2026-05-03,44,Female,Chennai
1315,2023-12-09,26,Female,Chennai
1316,2023-06-05,54,Female,Mumbai
1317,2025-05-10,24,Male,Hyderabad
1318,2025-03-12,20,Female,Pune
1319,2023-05-02,34,Male,Delhi
1320,2023-06-10,27,Male,Pune
1321,2026-06-09,26,Male,Mumbai
1322,2025-08-26,29,Female,Chennai
1323,2026-08-30,47,Male,Delhi
1324,2023-05-12,19,Male,Hyderabad
1325,2023-06-22,33,Male,Mumbai
1326,2026-06-24,42,Male,Delhi
1327,2025-09-30,21,Female,Mumbai
1328,2027-01-10,49,Male,Delhi
1329,2023-04-01,22,Female,Hyderabad
1330,2026-01-12,33,Male,Pune
1331,2024-02-23,31,Male,Chennai
1332,2025-12-01,34,Male,Delhi
1333,2023-06-04,51,Male,Mumbai
1334,2025-12-20,20,Female,Chennai
1335,2025-04-08,42,Female,Delhi
1336,2023-01-12,29,Male,Delhi
1337,2023-10-26,39,Male,Delhi
1338,2025-03-16,21,Male,Mumbai
1339,2026-08-26,22,Male,Delhi
1340,2023-05-16,38,Male,Hyderabad
1341,2024-12-08,55,Female,Hyderabad
1342,2024-07-11,36,Female,Hyderabad
1343,2026-05-02,29,Female,Mumbai
1344,2023-02-14,27,Female,Chennai
1345,2026-06-23,19,Female,Bangalore
1346,2023-12-13,47,Male,Delhi
1347,2026-06-05,28,Male,Mumbai
1348,2025-08-13,30,Male,Hyderabad
1349,2023-12-20,49,Female,Delhi
1350,2024-01-29,20,Male,Pune
1351,2023-08-07,19,Female,Bangalore
1352,2024-02-16,22,Male,Delhi
1353,2023-01-24,18,Male,Bangalore
1354,2023-06-24,38,Female,Chennai
1355,2023-07-22,32,Female,Bangalore
1356,2026-09-15,27,Male,Pune
1357,2025-11-28,23,Male,Pune
1358,2025-03-27,34,Female,Pune
1359,2024-04-16,47,Female,Chennai
1360,2025-10-29,48,Male,Chennai
1361,2023-03-27,39,Male,Chennai
1362,2023-06-23,44,Female,Chennai
1363,2024-12-29,38,Female,Bangalore
1364,2026-09-28,22,Male,Hyderabad
1365,2024-05-31,38,Male,Chennai
1366,2023-04-16,39,Male,Mumbai
1367,2023-10-28,56,Male,Chennai
1368,2025-04-07,34,Male,Delhi
1369,2023-07-11,42,Female,Hyderabad
1370,2025-11-03,39,Female,Delhi
1371,2023-12-12,51,Female,Hyderabad
1372,2023-09-15,57,Female,Hyderabad
1373,2024-08-20,20,Female,Bangalore
1374,2024-07-17,39,Male,Bangalore
1375,2023-01-30,33,Female,Hyderabad
1376,2026-03-18,23,Female,Bangalore
1377,2027-01-29,41,Male,Mumbai
1378,2026-05-23,34,Female,Mumbai
1379,2024-12-09,31,Female,Pune
1380,2025-09-07,50,Female,Chennai
1381,2024-08-19,21,Male,Hyderabad
1382,2026-06-11,45,Female,Bangalore
1383,2026-04-24,26,Male,Mumbai
1384,2023-03-31,37,Male,Bangalore
1385,2023-05-18,33,Male,Delhi
1386,2024-07-15,29,Male,Pune
1387,2026-08-17,56,Female,Pune
1388,2026-03-14,54,Male,Mumbai
1389,2025-01-27,52,Female,Bangalore
1390,2025-05-21,48,Female,Delhi
1391,2025-09-16,22,Female,Delhi
1392,2023-10-25,27,Female,Pune
1393,2026-11-22,21,Female,Mumbai
1394,2026-06-28,28,Female,Chennai
1395,2026-02-18,53,Male,Mumbai
1396,2023-01-15,30,Female,Bangalore
1397,2024-12-03,55,Male,Delhi
1398,2026-01-08,30,Male,Chennai
1399,2025-10-08,57,Female,Mumbai
1400,2027-02-01,23,Female,Mumbai
1401,2026-09-12,27,Female,Pune
1402,2024-12-30,58,Male,Pune
1403,2023-06-06,19,Female,Hyderabad
1404,2026-08-01,25,Male,Mumbai
1405,2024-03-17,57,Male,Hyderabad
1406,2023-07-26,40,Female,Chennai
1407,2023-11-08,46,Female,Mumbai
1408,2026-12-19,20,Male,Pune
1409,2024-12-27,26,Female,Pune
1410,2026-01-31,40,Female,Delhi
1411,2025-01-02,38,Male,Chennai
1412,2026-02-16,27,Female,Mumbai
1413,2025-02-04,51,Female,Bangalore
1414,2024-05-09,37,Male,Bangalore
1415,2026-10-18,41,Female,Delhi
1416,2024-01-21,18,Male,Mumbai
1417,2023-05-23,43,Male,Pune
1418,2024-04-05,39,Male,Pune
1419,2023-07-15,48,Male,Bangalore
1420,2023-10-20,33,Female,Pune
1421,2027-01-28,31,Male,Delhi
1422,2025-08-10,55,Male,Hyderabad
1423,2026-10-06,19,Female,Hyderabad
1424,2023-06-16,19,Male,Mumbai
1425,2026-04-18,18,Female,Hyderabad
1426,2023-04-28,50,Female,Delhi
1427,2024-01-27,41,Male,Mumbai
1428,2026-04-29,52,Female,Pune
1429,2024-07-20,25,Male,Delhi
1430,2024-07-19,34,Male,Delhi
1431,2025-08-20,55,Female,Hyderabad
1432,2024-11-26,38,Female,Mumbai
1433,2024-04-17,59,Male,Chennai
1434,2026-06-30,37,Female,Pune
1435,2024-07-07,59,Female,Delhi
1436,2025-04-30,36,Female,Mumbai
1437,2026-10-26,51,Female,Bangalore
1438,2024-08-05,31,Male,Bangalore
1439,2025-05-16,27,Female,Pune
1440,2025-12-17,54,Male,Mumbai
1441,2024-06-24,45,Male,Bangalore
1442,2026-03-28,51,Male,Chennai
1443,2026-02-21,54,Male,Bangalore
1444,2023-05-10,52,Female,Delhi
1445,2023-06-27,20,Female,Bangalore
1446,2023-04-23,34,Male,Delhi
1447,2026-03-23,48,Male,Mumbai
1448,2024-07-16,28,Male,Bangalore
1449,2024-08-13,26,Female,Pune
1450,2023-07-18,18,Male,Mumbai
1451,2025-04-24,34,Male,Bangalore
1452,2025-07-31,47,Female,Delhi
1453,2024-08-01,56,Female,Chennai
1454,2023-09-30,24,Male,Chennai
1455,2025-03-07,42,Female,Pune
1456,2025-06-12,19,Female,Pune
1457,2024-06-29,35,Female,Mumbai
1458,2023-08-05,24,Male,Chennai
1459,2024-04-25,59,Female,Pune
1460,2025-07-03,49,Female,Chennai
1461,2023-05-24,56,Male,Pune
1462,2026-09-01,18,Male,Mumbai
1463,2025-07-16,25,Female,Mumbai
1464,2024-07-30,26,Male,Pune
1465,2024-09-15,45,Female,Bangalore
1466,2023-03-02,21,Male,Hyderabad
1467,2024-12-26,20,Male,Delhi
1468,2024-02-15,21,Female,Bangalore
1469,2025-12-14,24,Female,Bangalore
1470,2025-11-13,27,Female,Chennai
1471,2027-01-25,45,Male,Hyderabad
1472,2025-12-27,58,Male,Pune
1473,2026-01-03,24,Female,Bangalore
1474,2025-04-06,29,Male,Bangalore
1475,2023-11-10,53,Male,Chennai
1476,2025-07-15,37,Male,Pune
1477,2023-08-11,57,Female,Delhi
1478,2024-05-28,58,Female,Pune
1479,2025-10-13,59,Male,Mumbai
1480,2025-04-26,39,Male,Delhi
1481,2025-08-06,19,Male,Hyderabad
1482,2024-08-09,42,Male,Delhi
1483,2027-01-11,26,Male,Delhi
1484,2023-01-27,38,Male,Mumbai
1485,2025-08-02,24,Male,Chennai
1486,2026-06-21,19,Male,Bangalore
1487,2023-03-05,33,Male,Mumbai
1488,2024-01-15,55,Female,Mumbai
1489,2026-10-23,23,Female,Hyderabad
1490,2025-02-19,43,Female,Mumbai
1491,2026-10-19,25,Male,Bangalore
1492,2026-12-13,57,Male,Bangalore
1493,2025-09-02,22,Male,Chennai
1494,2023-05-20,52,Female,Bangalore
1495,2023-09-05,24,Female,Bangalore
1496,2023-02-19,51,Female,Mumbai
1497,2027-01-12,53,Female,Pune
1498,2023-09-09,25,Male,Hyderabad
1499,2025-02-26,25,Male,Pune
1500,2024-05-30,48,Female,Hyderabad
